{"a2c_health": [33285.00213623047, 33285.00213623047, 33285.00213623047, 33285.00213623047, 33285.00213623047, 33285.00213623047, 33285.00213623047], "a2c_score": [0.0, 0.0, 0.0, 0.0, 0.0, 0.0, 0.0], "ppo_health": [0.0, 0.0, 0.0, 0.0, 0.0, 0.0, 0.0], "ppo_score": [0.0, 0.0, 0.0, 0.0, 0.0, 0.0, 0.0], "dqn_health": [8.800000250339508, 1.300000049173832, 1.6000000014901161, 0.6000000014901161, 4.6000001803040504, 0.5, 1.100000023841858], "dqn_score": [4.100000239908695, 3.0, 0.0, 2.80000002682209, 3.600000239908695, 5.7000002562999725, 4.8000002428889275], "my_ppo_health": [2.500000014901161, 4.900000251829624, 1.9000000357627869, 5.100000239908695, 4.400000095367432, 1.300000011920929, 1.6000000014901161], "my_ppo_score": [5.100000239908695, 3.700000010430813, 4.300000190734863, 5.700000204145908, 0.6000000163912773, 6.700000002980232, 3.500000022351742], "my_ppo_health_2": [2.600000001490116, 5.200000159442425, 5.5000002682209015, 4.50000025331974, 1.200000025331974, 1.600000023841858, 4.800000160932541], "my_ppo_score_2": [5.300000183284283, 2.000000022351742, 5.500000238418579, 3.900000251829624, 5.100000239908695, 1.800000011920929, 5.700000196695328], "my_ppo_score_3": [3.800000011920929, 5.800000250339508, 10.000000223517418, 2.8000000417232513, 0.6000000014901161, 5.8000001683831215, 4.600000016391277]}